{
    "urls": [
	{
            "url": "DOCKER_ADDRESS/tvbox/my_ext.json",
            "name": "内置小雅搜索源"
        },
        {
            "url": "https://weixine.net/ysc.json",
            "name": "运输车主线"
        },
	{
		"url": "https://gitee.com/lekanbox/ali/raw/master/api.json",
		"name": "阿里巴巴"
	},
	{
		"url": "https://gitee.com/lekanbox/ali/raw/master/ali.json",
		"name": "阿里无敌"
	},
	{
		"url": "https://xhdwc.tk/0",
		"name": "XHDWC"
	},
        {
               "url": "https://tvbox.cainisi.cf",
               "name": "🦐菜妮丝"
        },
        {
               "url": "http://52bsj.vip:81/api/v3/file/get/46060/Tv box源2.txt?sign=yI8sCYT8pei-pxp1_xwLjWOfepQ9b7c1y6Q_QD_0RY4=:0",
               "name": "🐉兽爪"
        },
        {
            	"url": "https://agit.ai/hu/hcr/raw/branch/master/py3.txt",
            	"name": "🥞PY最新大全"
        },
        {
            	"url": "https://agit.ai/hu/hcr/raw/commit/7412d685dc62f3a8996a0f0c7f8070d4395fe908/%e5%a4%a7%e8%81%aa%e6%98%8e.txt ",
            	"name": "🌈N接口"
        },
        {
            	"url": "https://agit.ai/Yoursmile7/TVBox/raw/branch/master/XC.json",
            	"name": "⛵️XC接口"
        },
	{
            	"url": "https://download.kstore.space/download/2863/01.txt",
            	"name": "🔮潇洒"
        },
	{
            	"url": "https://freed.yuanhsing.cf/TVBox/meowcf.json",
            	"name": "🎀元兴"
        },
        {
            	"url": "http://000913.xyz/box/tv.json",
            	"name": "🍆源共享"
        },
	{
            	"url": "https://raw.liucn.cc/box/m.json",
            	"name": "🦀刘刘"
        },
        {
            	"url": "http://52bsj.vip:98/wuai",
            	"name": "🐍五爱"
        }, 
        {
            	"url": "https://agit.ai/66666/mao/raw/branch/master/00/%E8%87%AA%E7%94%A8.jpg",
            	"name": "📮6666源"
        },
	{
            	"url": "https://agit.ai/66666/mao/raw/branch/master/00/000.m3u8",
            	"name": "🍱6666源共享"
        },
        {
            	"url": "https://agit.ai/n/b/raw/branch/a/b/c.json",
            	"name": "🍧ABC接口"
      	},
      	{
            	"url": "https://ju.binghe.ga/4.txt",
            	"name": "🍦冰河"
      	},
        {
            	"url": "http://52bsj.vip:81/api/v3/file/get/29899/box2.json?sign=3cVyKZQr3lFAwdB3HK-A7h33e0MnmG6lLB9oWlvSNnM%3D%3A0",
            	"name": "⛵️月光宝盒Box"
        },
        {
            	"url": "https://agit.ai/376242575/zzh/raw/branch/master/txt/影视.txt ",
            	"name": "🦊人人影视"
        },
        {
            	"url": "https://agit.ai/376242575/zzh/raw/branch/master/txt/影视1.txt ",
            	"name": "🐦人人影视1"
        },
	{
            	"url": "https://agit.ai/376242575/zzh/raw/branch/master/txt/影视2.txt ",
            	"name": "🐍人人影视2"
        },
	{
            	"url": "https://agit.ai/376242575/zzh/raw/branch/master/txt/影视3.txt ",
            	"name": "🦀人人影视3"
        },
	{
            	"url": "https://agit.ai/376242575/zzh/raw/branch/master/txt/影视4.txt ",
            	"name": "🌳人人影视4"
        },
	{
            	"url": "https://agit.ai/376242575/zzh/raw/branch/master/txt/影视5.txt ",
            	"name": "🍆人人影视5"
        },
	{
            	"url": "https://agit.ai/376242575/zzh/raw/branch/master/txt/影视6.txt",
            	"name": "🍇人人影视6"
        },
	{
            	"url": "https://agit.ai/376242575/zzh/raw/branch/master/txt/影视7.txt ",
            	"name": "🥞人人影视7"
        }
    ]
}
