{
  "spider": "https://fs-im-kefu.7moor-fs1.com/ly/4d2c3f00-7d4c-11e5-af15-41bf63ae4ea0/1737644188144/okpng.png;md5;7f83a3b58a5140e12bc74cd3ef0ebf97",
  "wallpaper": "http://127.0.0.1:9978/proxy?do=wall",
  "logo": "https://fs-im-kefu.7moor-fs1.com/ly/4d2c3f00-7d4c-11e5-af15-41bf63ae4ea0/1720314090387/ol.txt",
  "sites": [
    {
      "key": "Alist",
      "name": "🌟小雅┃高清",
      "type": 3,
      "api": "DOCKER_ADDRESS/tvbox/libs/alist.min.js",
      "searchable": 1,
      "quickSearch": 1,
      "filterable": 0,
      "ext": [
        {
          "name": "丫仙女",
          "server": "DOCKER_ADDRESS/",
          "startPage": "/",
          "search": true
        },
        {
          "name": "每日更新",
          "server": "DOCKER_ADDRESS/",
          "startPage": "/每日更新"
        },
        {
          "name": "电影",
          "server": "DOCKER_ADDRESS/",
          "startPage": "/电影"
        },
        {
          "name": "电视剧",
          "server": "DOCKER_ADDRESS/",
          "startPage": "/电视剧"
        },
        {
          "name": "短剧",
          "server": "DOCKER_ADDRESS/",
          "startPage": "/每日更新/爽文短剧"
        },
        {
          "name": "综艺",
          "server": "DOCKER_ADDRESS/",
          "startPage": "/综艺"
        },
        {
          "name": "纪录片",
          "server": "DOCKER_ADDRESS/",
          "startPage": "/纪录片"
        },
        {
          "name": "动漫",
          "server": "DOCKER_ADDRESS/",
          "startPage": "/动漫"
        },
        {
          "name": "儿童",
          "server": "DOCKER_ADDRESS/",
          "startPage": "/动漫/儿童"
        }
      ]
    },
    {
      "key": "豆瓣",
      "name": "🤓公众号┃OK猫开发",
      "type": 3,
      "api": "csp_DoubanGuard",
      "searchable": 0,
      "changeable": 1
    },
    {
      "key": "配置中心",
      "name": "👨‍🍳‍配置┃中心",
      "type": 3,
      "api": "csp_ConfigGuard",
      "searchable": 0,
      "changeable": 0,
      "indexs": 0,
      "style": {
        "type": "rect",
        "ratio": 1.43
      }
    },
    {
      "key": "玩偶弹幕版",
      "name": "👽玩偶┃弹幕",
      "type": 3,
      "api": "csp_WoggGuard",
      "searchable": 1,
      "filterable": 1,
      "changeable": 1,
      "ext": {
        "token": "file://TV/ali_token.txt",
        "cookie": "file://TV/quark_cookie.txt",
        "uc_cookie": "file://TV/uc_cookie.txt",
        "danmu": true
      },
      "timeout": 30
    },
    {
      "key": "校长弹幕版",
      "name": "💮小章┃弹幕",
      "type": 3,
      "api": "csp_XiaoZhangGuard",
      "searchable": 1,
      "filterable": 1,
      "changeable": 1,
      "ext": {
        "token": "file://TV/ali_token.txt",
        "cookie": "file://TV/quark_cookie.txt",
        "uc_cookie": "file://TV/uc_cookie.txt",
        "danmu": true
      },
      "timeout": 30
    },
    {
      "key": "人人",
      "name": "😘人人┃弹幕",
      "type": 3,
      "api": "csp_RenRenGuard",
      "searchable": 1,
      "quickSearch": 1,
      "filterable": 1,
      "ext": {
        "danmu": true
      },
      "timeout": 10
    },
    {
      "key": "瓜子",
      "name": "🍉瓜子┃弹幕",
      "type": 3,
      "api": "csp_GuaziGuard",
      "searchable": 1,
      "quickSearch": 1,
      "filterable": 1,
      "ext": {
        "danmu": true
      },
      "timeout": 10
    },
    {
      "key": "热播弹幕版",
      "name": "📺热播┃弹幕",
      "type": 3,
      "api": "csp_TianTianGuard",
      "searchable": 1,
      "quickSearch": 1,
      "filterable": 1,
      "ext": {
        "danmu": true,
        "site": 0
      },
      "timeout": 10
    },
    {
      "key": "天天弹幕版",
      "name": "⛅️天天┃弹幕",
      "type": 3,
      "api": "csp_TianTianGuard",
      "searchable": 1,
      "quickSearch": 1,
      "filterable": 1,
      "ext": {
        "danmu": true,
        "site": 1
      },
      "timeout": 10
    },
    {
      "key": "文才",
      "name": "🌺文才┃弹幕",
      "type": 3,
      "api": "csp_JpysGuard",
      "searchable": 1,
      "quickSearch": 1,
      "filterable": 1,
      "ext": {
        "danmu": true
      },
      "timeout": 10
    },
    {
      "key": "糯米",
      "name": "🍓糯米┃弹幕",
      "type": 3,
      "api": "csp_NmysGuard",
      "searchable": 1,
      "quickSearch": 1,
      "filterable": 1,
      "ext": {
        "danmu": true
      },
      "timeout": 10
    },
    {
      "key": "浪酷弹幕版",
      "name": "👓浪酷┃弹幕",
      "type": 3,
      "api": "csp_TianTianGuard",
      "searchable": 1,
      "quickSearch": 1,
      "filterable": 1,
      "ext": {
        "danmu": true,
        "site": 2
      },
      "timeout": 10
    },
    {
      "key": "视觉",
      "name": "🍄视觉┃弹幕",
      "type": 3,
      "api": "csp_ShiJueGuard",
      "searchable": 1,
      "quickSearch": 1,
      "filterable": 1,
      "ext": {
        "danmu": true
      },
      "timeout": 10
    },
    {
      "key": "小苹果弹幕版",
      "name": "🍎苹果┃弹幕",
      "type": 3,
      "api": "csp_XpgGuard",
      "searchable": 1,
      "quickSearch": 1,
      "filterable": 1,
      "ext": {
        "danmu": true
      },
      "timeout": 10
    },
    {
      "key": "木耳",
      "name": "🪴木耳┃秒播",
      "type": 1,
      "api": "https://json02.heimuer.xyz/api.php/provide/vod",
      "searchable": 1,
      "filterable": 1,
      "changeable": 1,
      "timeout": 20,
      "categories": [
        "剧情片",
        "动作片",
        "冒险片",
        "喜剧片",
        "奇幻片",
        "恐怖片",
        "悬疑片",
        "惊悚片",
        "灾难片",
        "爱情片",
        "犯罪片",
        "科幻片",
        "歌舞片",
        "战争片",
        "经典片",
        "动画电影",
        "网络电影",
        "其他片",
        "国产剧",
        "港剧",
        "韩剧",
        "日剧",
        "泰剧",
        "台剧",
        "欧美剧",
        "新马剧",
        "其他剧",
        "国产综艺",
        "港台综艺",
        "韩国综艺",
        "日本综艺",
        "欧美综艺",
        "新马泰综艺",
        "其他综艺",
        "古装短剧",
        "虐恋短剧",
        "逆袭短剧",
        "神豪短剧",
        "重生短剧",
        "复仇短剧",
        "穿越短剧",
        "甜宠短剧",
        "强者短剧",
        "欧美动漫",
        "日本动漫",
        "韩国动漫",
        "国产动漫",
        "港台动漫"
      ],
      "header": {
        "user-agent": "Mozilla/5.0 (Windows NT 10.0; Win64; x64) AppleWebKit/537.36 (KHTML, like Gecko) Chrome/125.0.0.0 Safari/537.36"
      }
    },
    {
      "key": "立播弹幕版",
      "name": "🐰立播┃弹幕",
      "type": 3,
      "api": "csp_LibvioGuard",
      "searchable": 1,
      "filterable": 1,
      "changeable": 1,
      "ext": {
        "token": "file://TV/ali_token.txt",
        "cookie": "file://TV/quark_cookie.txt",
        "uc_cookie": "file://TV/uc_cookie.txt",
        "site": "https://libvio.link",
        "danmu": true
      },
      "timeout": 30
    },
    {
      "key": "蜡笔弹幕",
      "name": "👠蜡笔┃弹幕",
      "type": 3,
      "api": "csp_LabiGuard",
      "quickSearch": 1,
      "changeable": 1,
      "filterable": 1,
      "ext": {
        "token": "file://TV/ali_token.txt",
        "cookie": "file://TV/quark_cookie.txt",
        "danmu": true
      },
      "timeout": 25
    },
    {
      "key": "木偶弹幕",
      "name": "🪵木偶┃弹幕",
      "type": 3,
      "api": "csp_MuouGuard",
      "quickSearch": 1,
      "changeable": 1,
      "filterable": 1,
      "ext": {
        "token": "file://TV/ali_token.txt",
        "cookie": "file://TV/quark_cookie.txt",
        "uc_cookie": "file://TV/uc_cookie.txt",
        "danmu": true
      },
      "timeout": 25
    },
    {
      "key": "小米弹幕",
      "name": "🍄小米┃弹幕",
      "type": 3,
      "api": "csp_XiaoMiGuard",
      "quickSearch": 1,
      "changeable": 1,
      "filterable": 1,
      "ext": {
        "token": "file://TV/ali_token.txt",
        "cookie": "file://TV/quark_cookie.txt",
        "uc_cookie": "file://TV/uc_cookie.txt",
        "danmu": true
      },
      "timeout": 25
    },
    {
      "key": "闪电弹幕",
      "name": "🌈闪电┃弹幕",
      "type": 3,
      "api": "csp_ShanDianGuard",
      "quickSearch": 1,
      "changeable": 1,
      "filterable": 1,
      "ext": {
        "token": "file://TV/ali_token.txt",
        "cookie": "file://TV/quark_cookie.txt",
        "uc_cookie": "file://TV/uc_cookie.txt",
        "danmu": true
      },
      "timeout": 25
    },
    {
      "key": "至臻弹幕",
      "name": "💌至臻┃弹幕",
      "type": 3,
      "api": "csp_ZhiZhenGuard",
      "quickSearch": 1,
      "changeable": 1,
      "filterable": 1,
      "ext": {
        "token": "file://TV/ali_token.txt",
        "cookie": "file://TV/quark_cookie.txt",
        "uc_cookie": "file://TV/uc_cookie.txt",
        "danmu": true
      },
      "timeout": 25
    },
    {
      "key": "韩圈",
      "name": "🦄韩圈┃App",
      "type": 3,
      "api": "csp_HanXiaoQuanGuard",
      "playerType": 2,
      "searchable": 1,
      "quickSearch": 1,
      "filterable": 1,
      "timeout": 10
    },
    {
      "key": "厂长弹幕版",
      "name": "🌸厂长┃弹幕",
      "type": 3,
      "api": "csp_CzzyGuard",
      "searchable": 1,
      "quickSearch": 1,
      "filterable": 1,
      "ext": {
        "danmu": true
      },
      "timeout": 10
    },
    {
      "key": "荐片弹幕版",
      "name": "⚔️荐片┃手机",
      "type": 3,
      "api": "csp_JianpianGuard",
      "searchable": 1,
      "changeable": 0,
      "quickSearch": 1,
      "filterable": 1,
      "ext": {
        "danmu": true
      },
      "timeout": 10
    },
    {
      "key": "我的阿里",
      "name": "🐱我的┃阿里",
      "type": 3,
      "api": "csp_MyAliGuard",
      "searchable": 0,
      "quickSearch": 0,
      "filterable": 0,
      "indexs": 0,
      "ext": {
        "token": "file://TV/ali_token.txt"
      },
      "style": {
        "type": "list"
      },
      "timeout": 30
    },
    {
      "key": "我的夸克",
      "name": "🗽我的┃夸克",
      "type": 3,
      "api": "csp_MyQuarkGuard",
      "searchable": 0,
      "quickSearch": 0,
      "filterable": 0,
      "indexs": 0,
      "ext": {
        "cookie": "file://TV/quark_cookie.txt"
      },
      "style": {
        "type": "list"
      },
      "timeout": 30
    },
    {
      "key": "我的UC",
      "name": "😼我的┃UC",
      "type": 3,
      "api": "csp_MyUcGuard",
      "searchable": 0,
      "quickSearch": 0,
      "filterable": 0,
      "indexs": 0,
      "ext": {
        "uc_cookie": "file://TV/uc_cookie.txt"
      },
      "style": {
        "type": "list"
      },
      "timeout": 30
    },
    {
      "key": "阿里合集",
      "name": "🦋阿里┃合集",
      "type": 3,
      "api": "csp_AliShareGuard",
      "searchable": 1,
      "changeable": 0,
      "filterable": 0,
      "indexs": 0,
      "ext": {
        "token": "file://TV/ali_token.txt",
        "share": "file://TV/阿里集合.json"
      },
      "style": {
        "type": "list"
      },
      "timeout": 30
    },
    {
      "key": "️爱看Bot弹幕版",
      "name": "⛅️爱看┃弹幕",
      "type": 3,
      "api": "csp_IkanbotGuard",
      "searchable": 1,
      "quickSearch": 1,
      "filterable": 1,
      "ext": {
        "danmu": true
      },
      "timeout": 10
    },
    {
      "key": "星芽短剧",
      "name": "💖星芽┃短剧",
      "type": 3,
      "api": "csp_AppXYGuard",
      "searchable": 1,
      "quickSearch": 1,
      "filterable": 1,
      "timeout": 20
    },
    {
      "key": "csp_Btt",
      "name": "🌞比特┃在线",
      "type": 3,
      "api": "csp_BttGuard",
      "searchable": 1,
      "quickSearch": 1,
      "changeable": 1,
      "timeout": 10
    },
    {
      "key": "ddys_js",
      "name": "🍄低端┃在线",
      "type": 3,
      "searchable": 1,
      "quickSearch": 1,
      "filterable": 1,
      "api": "https://fs-im-kefu.7moor-fs1.com/ly/4d2c3f00-7d4c-11e5-af15-41bf63ae4ea0/1720319529030/drpy2.min.txt?file=drpy2.min.js",
      "ext": "https://fs-im-kefu.7moor-fs1.com/ly/4d2c3f00-7d4c-11e5-af15-41bf63ae4ea0/1720319885464/ddys.txt",
      "timeout": 15
    },
    {
      "key": "yhdm",
      "name": "🌸樱花┃动漫",
      "type": 3,
      "api": "csp_YHDMGuard",
      "searchable": 1,
      "quickSearch": 1,
      "filterable": 1,
      "timeout": 15
    },
    {
      "key": "动漫巴士",
      "name": "🚌巴士┃动漫",
      "type": 3,
      "api": "csp_Dm84Guard",
      "searchable": 1,
      "quickSearch": 1,
      "filterable": 1,
      "timeout": 10
    },
    {
      "key": "新6V",
      "name": "🧲新6V┃磁力",
      "type": 3,
      "api": "csp_Xb6vGuard",
      "searchable": 1,
      "changeable": 0,
      "timeout": 20
    },
    {
      "key": "聚合直播",
      "name": "📽️聚合┃直播",
      "type": 3,
      "api": "csp_LivingGuard",
      "searchable": 1,
      "quickSearch": 0,
      "filterable": 1,
      "timeout": 10
    },
    {
      "key": "快手直播",
      "name": "😎快手┃直播",
      "type": 3,
      "api": "csp_KsLiveGuard",
      "searchable": 0,
      "quickSearch": 0,
      "filterable": 1,
      "style": {
        "type": "rect",
        "ratio": 1.433
      },
      "timeout": 10
    },
    {
      "key": "虎牙直播",
      "name": "🐯虎牙┃直播",
      "type": 3,
      "api": "csp_HuyaGuard",
      "searchable": 0,
      "quickSearch": 0,
      "filterable": 1,
      "style": {
        "type": "rect",
        "ratio": 1.433
      },
      "timeout": 10
    },
    {
      "key": "88看球",
      "name": "⚽88┃看球",
      "type": 3,
      "api": "csp_KanqiuGuard",
      "searchable": 1,
      "changeable": 0,
      "style": {
        "type": "list"
      },
      "timeout": 10
    },
    {
      "key": "jrsjs",
      "name": "⚽Jrs┃球迷",
      "type": 3,
      "api": "https://fs-im-kefu.7moor-fs1.com/ly/4d2c3f00-7d4c-11e5-af15-41bf63ae4ea0/1720319529030/drpy2.min.txt?file=drpy2.min.js",
      "ext": "https://cik03-cos.7moor-fs1.com/im/4d2c3f00-7d4c-11e5-af15-41bf63ae4ea0/cb93309b-a570-488f-8b3b-ccdfd5dea98a/2024-07-08/2024-07-08_12:19:00/1720412340587/77562264/jrs.txt",
      "style": {
        "type": "list"
      },
      "searchable": 0,
      "quickSearch": 0,
      "changeable": 0,
      "timeout": 10,
      "header": {
        "user-agent": "Mozilla/5.0 (Windows NT 10.0; Win64; x64) AppleWebKit/537.36 (KHTML, like Gecko) Chrome/125.0.0.0 Safari/537.36"
      }
    },
    {
      "key": "310js",
      "name": "⚽310┃看球",
      "type": 3,
      "api": "https://fs-im-kefu.7moor-fs1.com/ly/4d2c3f00-7d4c-11e5-af15-41bf63ae4ea0/1720319529030/drpy2.min.txt?file=drpy2.min.js",
      "ext": "https://fs-im-kefu.7moor-fs1.com/ly/4d2c3f00-7d4c-11e5-af15-41bf63ae4ea0/1720319885145/310.txt",
      "style": {
        "type": "list"
      },
      "searchable": 0,
      "quickSearch": 0,
      "changeable": 0,
      "timeout": 10
    },
    {
      "key": "bilimd",
      "name": "🅱哔哩┃影视",
      "type": 3,
      "api": "csp_BilimdGuard",
      "searchable": 1,
      "quickSearch": 1,
      "filterable": 1,
      "style": {
        "type": "rect",
        "ratio": 1.433
      },
      "ext": {
        "cookie": "file://TV/bili_cookie.txt"
      },
      "timeout": 10
    },
    {
      "key": "bili",
      "name": "🅱哔哔┃合集",
      "type": 3,
      "api": "csp_BiliGuard",
      "searchable": 1,
      "quickSearch": 1,
      "filterable": 1,
      "style": {
        "type": "rect",
        "ratio": 1.433
      },
      "ext": {
        "cookie": "file://TV/bili_cookie.txt",
        "json": "https://cik03-cos.7moor-fs1.com/im/4d2c3f00-7d4c-11e5-af15-41bf63ae4ea0/cb93309b-a570-488f-8b3b-ccdfd5dea98a/2024-07-10/2024-07-10_11:13:13/1720581193094/76165316/bili.txt"
      },
      "timeout": 20
    },
    {
      "key": "biliych",
      "name": "🅱哔哔┃歌曲",
      "type": 3,
      "api": "csp_BiliGuard",
      "searchable": 0,
      "quickSearch": 1,
      "filterable": 1,
      "style": {
        "type": "rect",
        "ratio": 1.433
      },
      "ext": {
        "cookie": "file://TV/bili_cookie.txt",
        "json": "https://cik03-cos.7moor-fs1.com/im/4d2c3f00-7d4c-11e5-af15-41bf63ae4ea0/cb93309b-a570-488f-8b3b-ccdfd5dea98a/2024-07-10/2024-07-10_11:13:09/1720581189679/3486246/biliych.txt"
      },
      "timeout": 20
    },
    {
      "key": "csp_AListGuard",
      "name": "🦋AList",
      "type": 3,
      "api": "csp_AListGuard",
      "searchable": 1,
      "filterable": 1,
      "changeable": 0,
      "style": {
        "type": "list"
      },
      "ext": "file://TV/alist.json",
      "timeout": 15
    },
    {
      "key": "盘Se",
      "name": "🙀盘Se┃搜索",
      "type": 3,
      "api": "csp_PanSearchGuard",
      "searchable": 1,
      "filterable": 0,
      "changeable": 0,
      "ext": {
        "token": "file://TV/ali_token.txt",
        "cookie": "file://TV/quark_cookie.txt",
        "danmu": true
      },
      "timeout": 15
    },
    {
      "key": "易搜",
      "name": "😹易搜┃搜索",
      "type": 3,
      "api": "csp_YiSoGuard",
      "searchable": 1,
      "filterable": 0,
      "changeable": 0,
      "ext": {
        "token": "file://TV/ali_token.txt",
        "danmu": true
      },
      "timeout": 15
    },
    {
      "key": "csp_QuPanSouGuard",
      "name": "🤓趣盘┃搜索",
      "type": 3,
      "api": "csp_QuPanSouGuard",
      "searchable": 1,
      "filterable": 1,
      "changeable": 0,
      "ext": {
        "cookie": "file://TV/quark_cookie.txt",
        "danmu": true
      },
      "timeout": 15
    },
    {
      "key": "csp_QkdjGuard",
      "name": "🐚夸克短剧┃搜索",
      "type": 3,
      "api": "csp_QkdjGuard",
      "searchable": 1,
      "filterable": 1,
      "changeable": 0,
      "ext": {
        "cookie": "file://TV/quark_cookie.txt",
        "danmu": true
      },
      "timeout": 15
    },
    {
      "key": "米搜",
      "name": "🌖米搜┃搜索",
      "type": 3,
      "api": "csp_MiPanSoGuard",
      "searchable": 1,
      "filterable": 1,
      "changeable": 0,
      "ext": {
        "token": "file://TV/ali_token.txt",
        "cookie": "file://TV/quark_cookie.txt",
        "uc_cookie": "file://TV/uc_cookie.txt",
        "danmu": true
      },
      "timeout": 15
    },
    {
      "key": "盘搜",
      "name": "🙀盘搜┃搜索",
      "type": 3,
      "api": "csp_PanSoGuard",
      "searchable": 1,
      "filterable": 1,
      "changeable": 0,
      "ext": {
        "token": "file://TV/ali_token.txt",
        "cookie": "file://TV/quark_cookie.txt",
        "uc_cookie": "file://TV/uc_cookie.txt",
        "danmu": true
      },
      "timeout": 15
    },
    {
      "key": "夸搜",
      "name": "🚢夸搜┃搜索",
      "type": 3,
      "api": "csp_QksoGuard",
      "searchable": 1,
      "filterable": 1,
      "changeable": 0,
      "ext": {
        "cookie": "file://TV/quark_cookie.txt",
        "danmu": true
      },
      "timeout": 15
    },
    {
      "key": "影搜",
      "name": "😼影子┃搜索",
      "type": 3,
      "api": "csp_YingSoGuard",
      "searchable": 1,
      "filterable": 1,
      "changeable": 0,
      "ext": {
        "token": "file://TV/ali_token.txt",
        "cookie": "file://TV/quark_cookie.txt",
        "uc_cookie": "file://TV/uc_cookie.txt",
        "danmu": true
      },
      "timeout": 15
    },
    {
      "key": "push_agent",
      "name": "🛴手机┃推送",
      "type": 3,
      "api": "csp_PushGuard",
      "searchable": 0,
      "filterable": 0,
      "changeable": 0,
      "ext": {
        "token": "file://TV/ali_token.txt",
        "cookie": "file://TV/quark_cookie.txt",
        "uc_cookie": "file://TV/uc_cookie.txt",
        "danmu": true
      },
      "timeout": 15
    }
  ],
  "parses": [
    {
      "name": "聚合1",
      "type": 3,
      "url": "Demo"
    },
    {
      "name": "聚合0",
      "type": 3,
      "url": "Web"
    },
    {
      "name": "ikun",
      "type": 0,
      "url": "https://jx.hls.one/?url="
    },
    {
      "name": "77",
      "type": 0,
      "url": "https://jx.77flv.cc/?url="
    },
    {
      "name": "A6",
      "type": 0,
      "url": "https://pl.a6club.com/player/analysis.php?v="
    },
    {
      "name": "8090",
      "type": 0,
      "url": "https://www.8090g.cn/?url="
    },
    {
      "name": "M3u8TV",
      "type": 0,
      "url": "https://jx.m3u8.tv/jiexi/?url="
    },
    {
      "name": "CK",
      "type": 0,
      "url": "https://www.ckplayer.vip/jiexi/?url="
    },
    {
      "name": "冰豆",
      "type": 0,
      "url": "https://bd.jx.cn/?url="
    },
    {
      "name": "XY",
      "type": 0,
      "url": "https://jx.xymp4.cc/?url="
    },
    {
      "name": "推荐",
      "type": 1,
      "url": "https://zy.qiaoji8.com/gouzi.php?url=94b07e0b2c0e8244&url="
    },
    {
      "name": "臻享",
      "type": 1,
      "url": "https://150.138.78.37:4399/api?key=94b07e0b2c0e8244&url="
    },
    {
      "name": "优选",
      "type": 1,
      "url": "http://1.94.221.189:88/algorithm.php?url="
    }
  ],
  "doh": [
    {
      "name": "Google",
      "url": "https://dns.google/dns-query",
      "ips": [
        "8.8.4.4",
        "8.8.8.8"
      ]
    },
    {
      "name": "Cloudflare",
      "url": "https://cloudflare-dns.com/dns-query",
      "ips": [
        "1.1.1.1",
        "1.0.0.1",
        "2606:4700:4700::1111",
        "2606:4700:4700::1001"
      ]
    },
    {
      "name": "AdGuard",
      "url": "https://dns.adguard.com/dns-query",
      "ips": [
        "94.140.14.140",
        "94.140.14.141"
      ]
    },
    {
      "name": "DNSWatch",
      "url": "https://resolver2.dns.watch/dns-query",
      "ips": [
        "84.200.69.80",
        "84.200.70.40"
      ]
    },
    {
      "name": "Quad9",
      "url": "https://dns.quad9.net/dns-quer",
      "ips": [
        "9.9.9.9",
        "149.112.112.112"
      ]
    }
  ],
  "ads": [
    "mozai.4gtv.tv"
  ],
  "lives": [
    {
      "name": "我的私用",
      "type": 0,
      "url": "DOCKER_ADDRESS/tvbox/iptv.m3u",
      "playerType": 1,
      "ua": "okhttp/3.15",
      "epg": "http://epg.112114.xyz/?ch={name}&date={date}",
      "logo": "https://epg.112114.xyz/logo/{name}.png"
    },
    {
      "name": "一起看",
      "type": 3,
      "api": "csp_HuyaGuard",
      "url": "yqk",
      "playerType": 2,
      "timeout": 10
    },
    {
      "name": "kilvn",
      "type": 3,
      "url": "https://live.kilvn.com/iptv.m3u",
      "playerType": 2,
      "timeout": 10
    },
    {
      "name": "范明明",
      "type": 0,
      "url": "http://127.0.0.1:9978/proxy?do=live&url=https://raw.githubusercontent.com/fanmingming/live/refs/heads/main/tv/m3u/ipv6.m3u",
      "playerType": 2,
      "timeout": 10
    },
    {
      "name": "牛播一（新版影视仓/ok影视）",
      "type": 0,
      "url": "http://127.0.0.1:9978/proxy?do=饭太硬&type=liveList",
      "playerType": 1,
      "epg": "http://epg.51zmt.top:8000/api/diyp/?ch={name}&date={date}",
      "logo": "https://epg.iill.top/logo/{name}.png"
    },
    {
      "name": "IPV4",
      "type": 0,
      "url": "https://ghfast.top/raw.githubusercontent.com/MemoryCollection/IPTV/refs/heads/main/multicast.txt",
      "playerType": 1,
      "logo": "https://ghfast.top/raw.githubusercontent.com/fanmingming/live/refs/heads/main/tv/{name}.png"
    },
    {
      "name": "IPV6",
      "type": 0,
      "url": "https://ghproxy.cn/http://raw.githubusercontent.com/YanG-1989/m3u/refs/heads/main/Gather.m3u",
      "playerType": 1
    },
    {
      "name": "国内Live",
      "type": 0,
      "url": "http://127.0.0.1:9978/proxy?do=live&url=https://fs-im-kefu.7moor-fs1.com/ly/4d2c3f00-7d4c-11e5-af15-41bf63ae4ea0/1737628943833/zq.txt",
      "playerType": 2,
      "timeout": 10,
      "catchup": {
        "type": "append",
        "source": "&starttime=${(b)yyyyMMdd'T'HHmm}00.00Z&endtime=${(e)yyyyMMdd'T'HHmm}00.00Z"
      }
    },
    {
      "name": "肥羊B站直播",
      "type": 3,
      "api": "csp_FeiyangGuard",
      "url": "bililive.m3u",
      "timeout": 10,
      "ua": "okhttp/3.15"
    },
    {
      "name": "肥羊斗鱼一起看",
      "type": 3,
      "api": "csp_FeiyangGuard",
      "url": "douyuyqk.m3u",
      "timeout": 10,
      "ua": "okhttp/3.15"
    },
    {
      "name": "肥羊YY轮播",
      "type": 3,
      "api": "csp_FeiyangGuard",
      "url": "yylunbo.m3u",
      "timeout": 10,
      "ua": "okhttp/3.15"
    }
  ],
  "ijk": [
    {
      "group": "软解码",
      "options": [
        {
          "category": 4,
          "name": "opensles",
          "value": "0"
        },
        {
          "category": 4,
          "name": "overlay-format",
          "value": "842225234"
        },
        {
          "category": 4,
          "name": "framedrop",
          "value": "1"
        },
        {
          "category": 4,
          "name": "soundtouch",
          "value": "1"
        },
        {
          "category": 4,
          "name": "start-on-prepared",
          "value": "1"
        },
        {
          "category": 1,
          "name": "http-detect-range-support",
          "value": "0"
        },
        {
          "category": 1,
          "name": "fflags",
          "value": "fastseek"
        },
        {
          "category": 2,
          "name": "skip_loop_filter",
          "value": "48"
        },
        {
          "category": 4,
          "name": "reconnect",
          "value": "1"
        },
        {
          "category": 4,
          "name": "enable-accurate-seek",
          "value": "0"
        },
        {
          "category": 4,
          "name": "mediacodec",
          "value": "0"
        },
        {
          "category": 4,
          "name": "mediacodec-auto-rotate",
          "value": "0"
        },
        {
          "category": 4,
          "name": "mediacodec-handle-resolution-change",
          "value": "0"
        },
        {
          "category": 4,
          "name": "mediacodec-hevc",
          "value": "0"
        },
        {
          "category": 1,
          "name": "dns_cache_timeout",
          "value": "600000000"
        }
      ]
    },
    {
      "group": "硬解码",
      "options": [
        {
          "category": 4,
          "name": "opensles",
          "value": "0"
        },
        {
          "category": 4,
          "name": "overlay-format",
          "value": "842225234"
        },
        {
          "category": 4,
          "name": "framedrop",
          "value": "1"
        },
        {
          "category": 4,
          "name": "soundtouch",
          "value": "1"
        },
        {
          "category": 4,
          "name": "start-on-prepared",
          "value": "1"
        },
        {
          "category": 1,
          "name": "http-detect-range-support",
          "value": "0"
        },
        {
          "category": 1,
          "name": "fflags",
          "value": "fastseek"
        },
        {
          "category": 2,
          "name": "skip_loop_filter",
          "value": "48"
        },
        {
          "category": 4,
          "name": "reconnect",
          "value": "1"
        },
        {
          "category": 4,
          "name": "enable-accurate-seek",
          "value": "0"
        },
        {
          "category": 4,
          "name": "mediacodec",
          "value": "1"
        },
        {
          "category": 4,
          "name": "mediacodec-auto-rotate",
          "value": "1"
        },
        {
          "category": 4,
          "name": "mediacodec-handle-resolution-change",
          "value": "1"
        },
        {
          "category": 4,
          "name": "mediacodec-hevc",
          "value": "1"
        },
        {
          "category": 1,
          "name": "dns_cache_timeout",
          "value": "600000000"
        }
      ]
    }
  ],
  "rules": [
    {
      "name": "proxy",
      "hosts": [
        "raw.githubusercontent.com",
        "googlevideo.com",
        "cdn.v82u1l.com",
        "cdn.iz8qkg.com",
        "cdn.kin6c1.com",
        "c.biggggg.com",
        "c.olddddd.com",
        "haiwaikan.com",
        "www.histar.tv",
        "youtube.com",
        "uhibo.com",
        ".*boku.*",
        ".*nivod.*",
        ".*ulivetv.*"
      ]
    },
    {
      "name": "cl",
      "hosts": [
        "magnet"
      ],
      "regex": [
        "最 新",
        "直 播",
        "更 新"
      ]
    },
    {
      "name": "火山嗅探",
      "hosts": [
        "huoshan.com"
      ],
      "regex": [
        "item_id="
      ]
    },
    {
      "name": "抖音嗅探",
      "hosts": [
        "douyin.com"
      ],
      "regex": [
        "is_play_url="
      ]
    },
    {
      "name": "农民嗅探",
      "hosts": [
        "toutiaovod.com"
      ],
      "regex": [
        "video/tos/cn"
      ]
    },
    {
      "name": "七新嗅探",
      "hosts": [
        "api.52wyb.com"
      ],
      "regex": [
        "m3u8?pt=m3u8"
      ]
    },
    {
      "name": "夜市",
      "hosts": [
        "yeslivetv.com"
      ],
      "script": [
        "document.getElementsByClassName('vjs-big-play-button')[0].click()"
      ]
    },
    {
      "name": "毛驴",
      "hosts": [
        "www.maolvys.com"
      ],
      "script": [
        "document.getElementsByClassName('swal-button swal-button--confirm')[0].click()"
      ]
    },
    {
      "name": "czzy",
      "hosts": [
        "10086.cn"
      ],
      "regex": [
        "/storageWeb/servlet/downloadServlet"
      ]
    },
    {
      "name": "bdys",
      "hosts": [
        "bytetos.com",
        "byteimg.com",
        "bytednsdoc.com",
        "pstatp.com"
      ],
      "regex": [
        "/tos-cn"
      ],
      "exclude": [
        ".m3u8"
      ]
    },
    {
      "name": "bdys10",
      "hosts": [
        "bdys10.com"
      ],
      "regex": [
        "/obj/"
      ],
      "exclude": [
        ".m3u8"
      ]
    }
  ]
}
